file_name,text
0.png,"Brain MRI flair, with small tumor on the top right"
1.png,"Brain MRI flair, healthy"
2.png,"Brain MRI flair, with medium tumor on the top left"
3.png,"Brain MRI flair, with medium tumor on the bottom right"
4.png,"Brain MRI flair, healthy"
5.png,"Brain MRI flair, with medium tumor on the top right"
6.png,"Brain MRI flair, with small tumor on the top right"
7.png,"Brain MRI flair, healthy"
8.png,"Brain MRI flair, healthy"
9.png,"Brain MRI flair, healthy"
10.png,"Brain MRI flair, healthy"
11.png,"Brain MRI flair, with small tumor on the top right"
12.png,"Brain MRI flair, healthy"
13.png,"Brain MRI flair, with medium tumor on the top right"
14.png,"Brain MRI flair, with medium tumor on the top left"
15.png,"Brain MRI flair, healthy"
16.png,"Brain MRI flair, healthy"
17.png,"Brain MRI flair, healthy"
18.png,"Brain MRI flair, with medium tumor on the top right"
19.png,"Brain MRI flair, healthy"
20.png,"Brain MRI flair, with medium tumor on the top right"
21.png,"Brain MRI flair, healthy"
22.png,"Brain MRI flair, with medium tumor on the top left"
23.png,"Brain MRI flair, with medium tumor on the top right"
24.png,"Brain MRI flair, with medium tumor on the top right"
25.png,"Brain MRI flair, with medium tumor on the top right"
26.png,"Brain MRI flair, healthy"
27.png,"Brain MRI flair, healthy"
28.png,"Brain MRI flair, healthy"
29.png,"Brain MRI flair, healthy"
30.png,"Brain MRI flair, healthy"
31.png,"Brain MRI flair, with medium tumor on the top left"
32.png,"Brain MRI flair, healthy"
33.png,"Brain MRI flair, healthy"
34.png,"Brain MRI flair, healthy"
35.png,"Brain MRI flair, healthy"
36.png,"Brain MRI flair, with medium tumor on the top right"
37.png,"Brain MRI flair, healthy"
38.png,"Brain MRI flair, with medium tumor on the bottom right"
39.png,"Brain MRI flair, with medium tumor on the top right"
40.png,"Brain MRI flair, healthy"
41.png,"Brain MRI flair, with small tumor on the bottom right"
42.png,"Brain MRI flair, with medium tumor on the top right"
43.png,"Brain MRI flair, with medium tumor on the bottom left"
44.png,"Brain MRI flair, with large tumor on the bottom left"
45.png,"Brain MRI flair, with large tumor on the top left"
46.png,"Brain MRI flair, healthy"
47.png,"Brain MRI flair, with large tumor on the bottom left"
48.png,"Brain MRI flair, healthy"
49.png,"Brain MRI flair, healthy"
50.png,"Brain MRI flair, with medium tumor on the top right"
51.png,"Brain MRI flair, with small tumor on the bottom left"
52.png,"Brain MRI flair, with medium tumor on the top right"
53.png,"Brain MRI flair, healthy"
54.png,"Brain MRI flair, with large tumor on the top left"
55.png,"Brain MRI flair, healthy"
56.png,"Brain MRI flair, with medium tumor on the top right"
57.png,"Brain MRI flair, with medium tumor on the top left"
58.png,"Brain MRI flair, healthy"
59.png,"Brain MRI flair, with small tumor on the top right"
60.png,"Brain MRI flair, with small tumor on the center left"
61.png,"Brain MRI flair, with medium tumor on the center left"
62.png,"Brain MRI flair, with medium tumor on the top left"
63.png,"Brain MRI flair, with medium tumor on the top right"
64.png,"Brain MRI flair, with medium tumor on the bottom right"
65.png,"Brain MRI flair, healthy"
66.png,"Brain MRI flair, with medium tumor on the top right"
67.png,"Brain MRI flair, healthy"
68.png,"Brain MRI flair, healthy"
69.png,"Brain MRI flair, with medium tumor on the top left"
70.png,"Brain MRI flair, healthy"
71.png,"Brain MRI flair, healthy"
72.png,"Brain MRI flair, with small tumor on the top left"
73.png,"Brain MRI flair, with medium tumor on the top right"
74.png,"Brain MRI flair, with medium tumor on the top left"
75.png,"Brain MRI flair, with medium tumor on the bottom right"
76.png,"Brain MRI flair, healthy"
77.png,"Brain MRI flair, healthy"
78.png,"Brain MRI flair, healthy"
79.png,"Brain MRI flair, healthy"
80.png,"Brain MRI flair, with medium tumor on the bottom left"
81.png,"Brain MRI flair, with large tumor on the top left"
82.png,"Brain MRI flair, with medium tumor on the bottom right"
83.png,"Brain MRI flair, with medium tumor on the top left"
84.png,"Brain MRI flair, healthy"
85.png,"Brain MRI flair, with small tumor on the top left"
86.png,"Brain MRI flair, healthy"
87.png,"Brain MRI flair, healthy"
88.png,"Brain MRI flair, healthy"
89.png,"Brain MRI flair, with medium tumor on the bottom left"
90.png,"Brain MRI flair, with medium tumor on the top right"
91.png,"Brain MRI flair, healthy"
92.png,"Brain MRI flair, healthy"
93.png,"Brain MRI flair, with small tumor on the top left"
94.png,"Brain MRI flair, healthy"
95.png,"Brain MRI flair, with medium tumor on the bottom right"
96.png,"Brain MRI flair, healthy"
97.png,"Brain MRI flair, with medium tumor on the top right"
98.png,"Brain MRI flair, with large tumor on the bottom right"
99.png,"Brain MRI flair, with small tumor on the bottom right"
100.png,"Brain MRI flair, healthy"
101.png,"Brain MRI flair, healthy"
102.png,"Brain MRI flair, healthy"
103.png,"Brain MRI flair, healthy"
104.png,"Brain MRI flair, with medium tumor on the top left"
105.png,"Brain MRI flair, healthy"
106.png,"Brain MRI flair, with large tumor on the bottom right"
107.png,"Brain MRI flair, with large tumor on the top left"
108.png,"Brain MRI flair, with medium tumor on the top left"
109.png,"Brain MRI flair, healthy"
110.png,"Brain MRI flair, healthy"
111.png,"Brain MRI flair, with medium tumor on the bottom right"
112.png,"Brain MRI flair, with small tumor on the top right"
113.png,"Brain MRI flair, with medium tumor on the top left"
114.png,"Brain MRI flair, healthy"
115.png,"Brain MRI flair, with medium tumor on the top right"
116.png,"Brain MRI flair, with medium tumor on the top left"
117.png,"Brain MRI flair, healthy"
118.png,"Brain MRI flair, with large tumor on the top right"
119.png,"Brain MRI flair, with medium tumor on the bottom right"
120.png,"Brain MRI flair, healthy"
121.png,"Brain MRI flair, with small tumor on the top right"
122.png,"Brain MRI flair, with medium tumor on the top right"
123.png,"Brain MRI flair, with medium tumor on the bottom left"
124.png,"Brain MRI flair, healthy"
125.png,"Brain MRI flair, healthy"
126.png,"Brain MRI flair, with small tumor on the top left"
127.png,"Brain MRI flair, healthy"
128.png,"Brain MRI flair, with medium tumor on the top right"
129.png,"Brain MRI flair, with medium tumor on the bottom left"
130.png,"Brain MRI flair, with medium tumor on the top right"
131.png,"Brain MRI flair, with large tumor on the top left"
132.png,"Brain MRI flair, with medium tumor on the top left"
133.png,"Brain MRI flair, with medium tumor on the top left"
134.png,"Brain MRI flair, with medium tumor on the top left"
135.png,"Brain MRI flair, healthy"
136.png,"Brain MRI flair, healthy"
137.png,"Brain MRI flair, with medium tumor on the center left"
138.png,"Brain MRI flair, with medium tumor on the top right"
139.png,"Brain MRI flair, healthy"
140.png,"Brain MRI flair, with medium tumor on the top left"
141.png,"Brain MRI flair, with small tumor on the top right"
142.png,"Brain MRI flair, healthy"
143.png,"Brain MRI flair, healthy"
144.png,"Brain MRI flair, healthy"
145.png,"Brain MRI flair, healthy"
146.png,"Brain MRI flair, with medium tumor on the top left"
147.png,"Brain MRI flair, with large tumor on the top right"
148.png,"Brain MRI flair, healthy"
149.png,"Brain MRI flair, with medium tumor on the top right"
150.png,"Brain MRI flair, with medium tumor on the bottom right"
151.png,"Brain MRI flair, healthy"
152.png,"Brain MRI flair, healthy"
153.png,"Brain MRI flair, with medium tumor on the top right"
154.png,"Brain MRI flair, healthy"
155.png,"Brain MRI flair, healthy"
156.png,"Brain MRI flair, healthy"
157.png,"Brain MRI flair, with large tumor on the bottom left"
158.png,"Brain MRI flair, healthy"
159.png,"Brain MRI flair, healthy"
160.png,"Brain MRI flair, healthy"
161.png,"Brain MRI flair, healthy"
162.png,"Brain MRI flair, with small tumor on the bottom right"
163.png,"Brain MRI flair, healthy"
164.png,"Brain MRI flair, healthy"
165.png,"Brain MRI flair, healthy"
166.png,"Brain MRI flair, with small tumor on the bottom right"
167.png,"Brain MRI flair, with small tumor on the bottom right"
168.png,"Brain MRI flair, healthy"
169.png,"Brain MRI flair, healthy"
170.png,"Brain MRI flair, healthy"
171.png,"Brain MRI flair, healthy"
172.png,"Brain MRI flair, healthy"
173.png,"Brain MRI flair, healthy"
174.png,"Brain MRI flair, healthy"
175.png,"Brain MRI flair, with medium tumor on the bottom left"
176.png,"Brain MRI flair, with small tumor on the center left"
177.png,"Brain MRI flair, healthy"
178.png,"Brain MRI flair, healthy"
179.png,"Brain MRI flair, healthy"
180.png,"Brain MRI flair, with medium tumor on the top right"
181.png,"Brain MRI flair, with medium tumor on the top right"
182.png,"Brain MRI flair, with medium tumor on the top right"
183.png,"Brain MRI flair, healthy"
184.png,"Brain MRI flair, healthy"
185.png,"Brain MRI flair, with medium tumor on the bottom left"
186.png,"Brain MRI flair, with medium tumor on the top left"
187.png,"Brain MRI flair, with small tumor on the top left"
188.png,"Brain MRI flair, with large tumor on the top left"
189.png,"Brain MRI flair, healthy"
190.png,"Brain MRI flair, healthy"
191.png,"Brain MRI flair, with small tumor on the bottom right"
192.png,"Brain MRI flair, with medium tumor on the bottom right"
193.png,"Brain MRI flair, healthy"
194.png,"Brain MRI flair, healthy"
195.png,"Brain MRI flair, healthy"
196.png,"Brain MRI flair, healthy"
197.png,"Brain MRI flair, with large tumor on the center right"
198.png,"Brain MRI flair, healthy"
199.png,"Brain MRI flair, healthy"
200.png,"Brain MRI flair, healthy"
201.png,"Brain MRI flair, healthy"
202.png,"Brain MRI flair, with medium tumor on the bottom right"
203.png,"Brain MRI flair, healthy"
204.png,"Brain MRI flair, with medium tumor on the top right"
205.png,"Brain MRI flair, healthy"
206.png,"Brain MRI flair, with small tumor on the bottom left"
207.png,"Brain MRI flair, with medium tumor on the top left"
208.png,"Brain MRI flair, with small tumor on the bottom right"
209.png,"Brain MRI flair, healthy"
210.png,"Brain MRI flair, healthy"
211.png,"Brain MRI flair, with large tumor on the top left"
212.png,"Brain MRI flair, with medium tumor on the top right"
213.png,"Brain MRI flair, healthy"
214.png,"Brain MRI flair, with medium tumor on the top right"
215.png,"Brain MRI flair, healthy"
216.png,"Brain MRI flair, healthy"
217.png,"Brain MRI flair, with medium tumor on the top left"
218.png,"Brain MRI flair, healthy"
219.png,"Brain MRI flair, with medium tumor on the top left"
220.png,"Brain MRI flair, healthy"
221.png,"Brain MRI flair, with large tumor on the top left"
222.png,"Brain MRI flair, with large tumor on the top left"
223.png,"Brain MRI flair, healthy"
224.png,"Brain MRI flair, healthy"
225.png,"Brain MRI flair, with medium tumor on the top left"
226.png,"Brain MRI flair, healthy"
227.png,"Brain MRI flair, with medium tumor on the top right"
228.png,"Brain MRI flair, with large tumor on the bottom right"
229.png,"Brain MRI flair, with medium tumor on the top right"
230.png,"Brain MRI flair, healthy"
231.png,"Brain MRI flair, healthy"
232.png,"Brain MRI flair, with medium tumor on the top right"
233.png,"Brain MRI flair, with large tumor on the top left"
234.png,"Brain MRI flair, healthy"
235.png,"Brain MRI flair, healthy"
236.png,"Brain MRI flair, with small tumor on the top right"
237.png,"Brain MRI flair, with medium tumor on the bottom right"
238.png,"Brain MRI flair, healthy"
239.png,"Brain MRI flair, with small tumor on the top left"
240.png,"Brain MRI flair, with medium tumor on the bottom right"
241.png,"Brain MRI flair, healthy"
242.png,"Brain MRI flair, with medium tumor on the top left"
243.png,"Brain MRI flair, with medium tumor on the top right"
244.png,"Brain MRI flair, healthy"
245.png,"Brain MRI flair, with medium tumor on the top left"
246.png,"Brain MRI flair, healthy"
247.png,"Brain MRI flair, healthy"
248.png,"Brain MRI flair, healthy"
249.png,"Brain MRI flair, healthy"
250.png,"Brain MRI flair, with medium tumor on the top right"
251.png,"Brain MRI flair, with medium tumor on the top left"
252.png,"Brain MRI flair, healthy"
253.png,"Brain MRI flair, with medium tumor on the top right"
254.png,"Brain MRI flair, with large tumor on the bottom right"
255.png,"Brain MRI flair, with small tumor on the top left"
256.png,"Brain MRI flair, healthy"
257.png,"Brain MRI flair, healthy"
258.png,"Brain MRI flair, with medium tumor on the top right"
259.png,"Brain MRI flair, healthy"
260.png,"Brain MRI flair, healthy"
261.png,"Brain MRI flair, healthy"
262.png,"Brain MRI flair, with medium tumor on the top left"
263.png,"Brain MRI flair, healthy"
264.png,"Brain MRI flair, with medium tumor on the top right"
265.png,"Brain MRI flair, healthy"
266.png,"Brain MRI flair, with medium tumor on the top right"
267.png,"Brain MRI flair, with large tumor on the top right"
268.png,"Brain MRI flair, healthy"
269.png,"Brain MRI flair, healthy"
270.png,"Brain MRI flair, healthy"
271.png,"Brain MRI flair, healthy"
272.png,"Brain MRI flair, with medium tumor on the top right"
273.png,"Brain MRI flair, healthy"
274.png,"Brain MRI flair, healthy"
275.png,"Brain MRI flair, healthy"
276.png,"Brain MRI flair, with small tumor on the top right"
277.png,"Brain MRI flair, with medium tumor on the bottom right"
278.png,"Brain MRI flair, healthy"
279.png,"Brain MRI flair, healthy"
280.png,"Brain MRI flair, with medium tumor on the top right"
281.png,"Brain MRI flair, with medium tumor on the top left"
282.png,"Brain MRI flair, with medium tumor on the top right"
283.png,"Brain MRI flair, with medium tumor on the top left"
284.png,"Brain MRI flair, with medium tumor on the top right"
285.png,"Brain MRI flair, healthy"
286.png,"Brain MRI flair, with medium tumor on the top right"
287.png,"Brain MRI flair, healthy"
288.png,"Brain MRI flair, healthy"
289.png,"Brain MRI flair, healthy"
290.png,"Brain MRI flair, healthy"
291.png,"Brain MRI flair, with medium tumor on the bottom right"
292.png,"Brain MRI flair, with medium tumor on the top left"
293.png,"Brain MRI flair, healthy"
294.png,"Brain MRI flair, with medium tumor on the top right"
295.png,"Brain MRI flair, healthy"
296.png,"Brain MRI flair, with small tumor on the top left"
297.png,"Brain MRI flair, healthy"
298.png,"Brain MRI flair, with medium tumor on the bottom left"
299.png,"Brain MRI flair, healthy"
300.png,"Brain MRI flair, with medium tumor on the top right"
301.png,"Brain MRI flair, healthy"
302.png,"Brain MRI flair, with medium tumor on the bottom right"
303.png,"Brain MRI flair, healthy"
304.png,"Brain MRI flair, with medium tumor on the bottom right"
305.png,"Brain MRI flair, healthy"
306.png,"Brain MRI flair, with small tumor on the top right"
307.png,"Brain MRI flair, with medium tumor on the top right"
308.png,"Brain MRI flair, healthy"
309.png,"Brain MRI flair, with small tumor on the bottom left"
310.png,"Brain MRI flair, with small tumor on the top right"
311.png,"Brain MRI flair, healthy"
312.png,"Brain MRI flair, with small tumor on the top left"
313.png,"Brain MRI flair, with medium tumor on the top right"
314.png,"Brain MRI flair, healthy"
315.png,"Brain MRI flair, with large tumor on the top right"
316.png,"Brain MRI flair, with medium tumor on the top right"
317.png,"Brain MRI flair, with medium tumor on the bottom right"
318.png,"Brain MRI flair, with small tumor on the bottom right"
319.png,"Brain MRI flair, with medium tumor on the bottom left"
320.png,"Brain MRI flair, healthy"
321.png,"Brain MRI flair, healthy"
322.png,"Brain MRI flair, healthy"
323.png,"Brain MRI flair, healthy"
324.png,"Brain MRI flair, with large tumor on the bottom right"
325.png,"Brain MRI flair, healthy"
326.png,"Brain MRI flair, with medium tumor on the bottom left"
327.png,"Brain MRI flair, with medium tumor on the top left"
328.png,"Brain MRI flair, with medium tumor on the bottom right"
329.png,"Brain MRI flair, healthy"
330.png,"Brain MRI flair, healthy"
331.png,"Brain MRI flair, healthy"
332.png,"Brain MRI flair, healthy"
333.png,"Brain MRI flair, healthy"
334.png,"Brain MRI flair, with small tumor on the center left"
335.png,"Brain MRI flair, healthy"
336.png,"Brain MRI flair, healthy"
337.png,"Brain MRI flair, with medium tumor on the top right"
338.png,"Brain MRI flair, healthy"
339.png,"Brain MRI flair, with medium tumor on the top left"
340.png,"Brain MRI flair, with medium tumor on the center"
341.png,"Brain MRI flair, with medium tumor on the top right"
342.png,"Brain MRI flair, healthy"
343.png,"Brain MRI flair, with medium tumor on the top left"
344.png,"Brain MRI flair, healthy"
345.png,"Brain MRI flair, with medium tumor on the bottom right"
346.png,"Brain MRI flair, with medium tumor on the top right"
347.png,"Brain MRI flair, healthy"
348.png,"Brain MRI flair, with medium tumor on the top left"
349.png,"Brain MRI flair, healthy"
350.png,"Brain MRI flair, healthy"
351.png,"Brain MRI flair, with small tumor on the bottom right"
352.png,"Brain MRI flair, healthy"
353.png,"Brain MRI flair, with medium tumor on the top right"
354.png,"Brain MRI flair, with small tumor on the center left"
355.png,"Brain MRI flair, with medium tumor on the top right"
356.png,"Brain MRI flair, with large tumor on the bottom right"
357.png,"Brain MRI flair, with medium tumor on the top left"
358.png,"Brain MRI flair, healthy"
359.png,"Brain MRI flair, healthy"
360.png,"Brain MRI flair, healthy"
361.png,"Brain MRI flair, healthy"
362.png,"Brain MRI flair, healthy"
363.png,"Brain MRI flair, healthy"
364.png,"Brain MRI flair, with small tumor on the bottom right"
365.png,"Brain MRI flair, healthy"
366.png,"Brain MRI flair, with medium tumor on the top left"
367.png,"Brain MRI flair, healthy"
368.png,"Brain MRI flair, with medium tumor on the top right"
369.png,"Brain MRI flair, with medium tumor on the top right"
370.png,"Brain MRI flair, with medium tumor on the top right"
371.png,"Brain MRI flair, healthy"
372.png,"Brain MRI flair, healthy"
373.png,"Brain MRI flair, healthy"
374.png,"Brain MRI flair, healthy"
375.png,"Brain MRI flair, healthy"
376.png,"Brain MRI flair, with small tumor on the top left"
377.png,"Brain MRI flair, healthy"
378.png,"Brain MRI flair, with medium tumor on the bottom left"
379.png,"Brain MRI flair, healthy"
380.png,"Brain MRI flair, healthy"
381.png,"Brain MRI flair, healthy"
382.png,"Brain MRI flair, with medium tumor on the bottom right"
383.png,"Brain MRI flair, healthy"
384.png,"Brain MRI flair, with medium tumor on the top left"
385.png,"Brain MRI flair, with medium tumor on the top left"
386.png,"Brain MRI flair, with medium tumor on the top right"
387.png,"Brain MRI flair, healthy"
388.png,"Brain MRI flair, with medium tumor on the bottom left"
389.png,"Brain MRI flair, with medium tumor on the top right"
390.png,"Brain MRI flair, healthy"
391.png,"Brain MRI flair, with medium tumor on the top left"
392.png,"Brain MRI flair, with medium tumor on the top left"
393.png,"Brain MRI flair, healthy"
394.png,"Brain MRI flair, healthy"
395.png,"Brain MRI flair, with large tumor on the bottom right"
396.png,"Brain MRI flair, healthy"
397.png,"Brain MRI flair, with medium tumor on the bottom left"
398.png,"Brain MRI flair, with medium tumor on the center right"
399.png,"Brain MRI flair, healthy"
400.png,"Brain MRI flair, healthy"
401.png,"Brain MRI flair, with medium tumor on the top left"
402.png,"Brain MRI flair, with small tumor on the bottom right"
403.png,"Brain MRI flair, with medium tumor on the bottom left"
404.png,"Brain MRI flair, with medium tumor on the bottom left"
405.png,"Brain MRI flair, with medium tumor on the top left"
406.png,"Brain MRI flair, with medium tumor on the top left"
407.png,"Brain MRI flair, healthy"
408.png,"Brain MRI flair, healthy"
409.png,"Brain MRI flair, healthy"
410.png,"Brain MRI flair, healthy"
411.png,"Brain MRI flair, with large tumor on the top right"
412.png,"Brain MRI flair, with large tumor on the bottom right"
413.png,"Brain MRI flair, healthy"
414.png,"Brain MRI flair, healthy"
415.png,"Brain MRI flair, healthy"
416.png,"Brain MRI flair, with large tumor on the center left"
417.png,"Brain MRI flair, healthy"
418.png,"Brain MRI flair, healthy"
419.png,"Brain MRI flair, healthy"
420.png,"Brain MRI flair, healthy"
421.png,"Brain MRI flair, with large tumor on the top left"
422.png,"Brain MRI flair, healthy"
423.png,"Brain MRI flair, healthy"
424.png,"Brain MRI flair, healthy"
425.png,"Brain MRI flair, with large tumor on the top right"
426.png,"Brain MRI flair, with medium tumor on the top left"
427.png,"Brain MRI flair, with medium tumor on the bottom right"
428.png,"Brain MRI flair, with medium tumor on the top right"
429.png,"Brain MRI flair, healthy"
430.png,"Brain MRI flair, with medium tumor on the center left"
431.png,"Brain MRI flair, with medium tumor on the top left"
432.png,"Brain MRI flair, healthy"
433.png,"Brain MRI flair, with large tumor on the center right"
434.png,"Brain MRI flair, with large tumor on the top left"
435.png,"Brain MRI flair, healthy"
436.png,"Brain MRI flair, healthy"
437.png,"Brain MRI flair, with small tumor on the bottom right"
438.png,"Brain MRI flair, healthy"
439.png,"Brain MRI flair, with small tumor on the top left"
440.png,"Brain MRI flair, with medium tumor on the top left"
441.png,"Brain MRI flair, healthy"
442.png,"Brain MRI flair, with medium tumor on the top right"
443.png,"Brain MRI flair, with large tumor on the top left"
444.png,"Brain MRI flair, with medium tumor on the center left"
445.png,"Brain MRI flair, healthy"
446.png,"Brain MRI flair, healthy"
447.png,"Brain MRI flair, with medium tumor on the top left"
448.png,"Brain MRI flair, with medium tumor on the top right"
449.png,"Brain MRI flair, healthy"
450.png,"Brain MRI flair, healthy"
451.png,"Brain MRI flair, healthy"
452.png,"Brain MRI flair, healthy"
453.png,"Brain MRI flair, with small tumor on the bottom left"
454.png,"Brain MRI flair, healthy"
455.png,"Brain MRI flair, with small tumor on the center left"
456.png,"Brain MRI flair, with medium tumor on the top left"
457.png,"Brain MRI flair, with medium tumor on the top right"
458.png,"Brain MRI flair, with medium tumor on the bottom right"
459.png,"Brain MRI flair, with medium tumor on the top left"
460.png,"Brain MRI flair, healthy"
461.png,"Brain MRI flair, with small tumor on the top left"
462.png,"Brain MRI flair, healthy"
463.png,"Brain MRI flair, healthy"
464.png,"Brain MRI flair, with small tumor on the bottom right"
465.png,"Brain MRI flair, healthy"
466.png,"Brain MRI flair, with medium tumor on the top left"
467.png,"Brain MRI flair, healthy"
468.png,"Brain MRI flair, healthy"
469.png,"Brain MRI flair, with medium tumor on the top right"
470.png,"Brain MRI flair, with medium tumor on the top right"
471.png,"Brain MRI flair, healthy"
472.png,"Brain MRI flair, with medium tumor on the top left"
473.png,"Brain MRI flair, with medium tumor on the top left"
474.png,"Brain MRI flair, healthy"
475.png,"Brain MRI flair, healthy"
476.png,"Brain MRI flair, healthy"
477.png,"Brain MRI flair, healthy"
478.png,"Brain MRI flair, healthy"
479.png,"Brain MRI flair, with medium tumor on the top left"
480.png,"Brain MRI flair, healthy"
481.png,"Brain MRI flair, healthy"
482.png,"Brain MRI flair, with medium tumor on the top right"
483.png,"Brain MRI flair, healthy"
484.png,"Brain MRI flair, healthy"
485.png,"Brain MRI flair, with medium tumor on the bottom right"
486.png,"Brain MRI flair, with medium tumor on the bottom right"
487.png,"Brain MRI flair, healthy"
488.png,"Brain MRI flair, healthy"
489.png,"Brain MRI flair, with medium tumor on the top right"
490.png,"Brain MRI flair, healthy"
491.png,"Brain MRI flair, with medium tumor on the top left"
492.png,"Brain MRI flair, with medium tumor on the bottom left"
493.png,"Brain MRI flair, with medium tumor on the top left"
494.png,"Brain MRI flair, with small tumor on the center left"
495.png,"Brain MRI flair, healthy"
496.png,"Brain MRI flair, with medium tumor on the top left"
497.png,"Brain MRI flair, with medium tumor on the bottom left"
498.png,"Brain MRI flair, with medium tumor on the bottom right"
499.png,"Brain MRI flair, healthy"
500.png,"Brain MRI flair, healthy"
501.png,"Brain MRI flair, with medium tumor on the top right"
502.png,"Brain MRI flair, with medium tumor on the top right"
503.png,"Brain MRI flair, with medium tumor on the top right"
504.png,"Brain MRI flair, with medium tumor on the top left"
505.png,"Brain MRI flair, healthy"
506.png,"Brain MRI flair, with medium tumor on the top right"
507.png,"Brain MRI flair, with large tumor on the bottom left"
508.png,"Brain MRI flair, with medium tumor on the bottom left"
509.png,"Brain MRI flair, healthy"
510.png,"Brain MRI flair, healthy"
511.png,"Brain MRI flair, healthy"
512.png,"Brain MRI flair, healthy"
513.png,"Brain MRI flair, healthy"
514.png,"Brain MRI flair, with medium tumor on the top left"
515.png,"Brain MRI flair, with medium tumor on the bottom left"
516.png,"Brain MRI flair, healthy"
517.png,"Brain MRI flair, with medium tumor on the bottom right"
518.png,"Brain MRI flair, with small tumor on the top left"
519.png,"Brain MRI flair, healthy"
520.png,"Brain MRI flair, healthy"
521.png,"Brain MRI flair, with medium tumor on the top right"
522.png,"Brain MRI flair, with medium tumor on the bottom left"
523.png,"Brain MRI flair, healthy"
524.png,"Brain MRI flair, healthy"
525.png,"Brain MRI flair, with small tumor on the center"
526.png,"Brain MRI flair, healthy"
527.png,"Brain MRI flair, healthy"
528.png,"Brain MRI flair, with medium tumor on the top left"
529.png,"Brain MRI flair, healthy"
530.png,"Brain MRI flair, with medium tumor on the bottom left"
531.png,"Brain MRI flair, healthy"
532.png,"Brain MRI flair, with large tumor on the bottom right"
533.png,"Brain MRI flair, healthy"
534.png,"Brain MRI flair, with large tumor on the bottom right"
535.png,"Brain MRI flair, healthy"
536.png,"Brain MRI flair, healthy"
537.png,"Brain MRI flair, with medium tumor on the top right"
538.png,"Brain MRI flair, with medium tumor on the bottom right"
539.png,"Brain MRI flair, healthy"
540.png,"Brain MRI flair, with medium tumor on the center left"
541.png,"Brain MRI flair, with small tumor on the top left"
542.png,"Brain MRI flair, healthy"
543.png,"Brain MRI flair, healthy"
544.png,"Brain MRI flair, with small tumor on the bottom right"
545.png,"Brain MRI flair, with small tumor on the bottom right"
546.png,"Brain MRI flair, with medium tumor on the top right"
547.png,"Brain MRI flair, healthy"
548.png,"Brain MRI flair, with large tumor on the center left"
549.png,"Brain MRI flair, healthy"
550.png,"Brain MRI flair, healthy"
551.png,"Brain MRI flair, with medium tumor on the top right"
552.png,"Brain MRI flair, healthy"
553.png,"Brain MRI flair, with medium tumor on the top left"
554.png,"Brain MRI flair, healthy"
555.png,"Brain MRI flair, with medium tumor on the top left"
556.png,"Brain MRI flair, with medium tumor on the top left"
557.png,"Brain MRI flair, healthy"
558.png,"Brain MRI flair, healthy"
559.png,"Brain MRI flair, healthy"
560.png,"Brain MRI flair, healthy"
561.png,"Brain MRI flair, healthy"
562.png,"Brain MRI flair, with large tumor on the bottom right"
563.png,"Brain MRI flair, healthy"
564.png,"Brain MRI flair, healthy"
565.png,"Brain MRI flair, healthy"
566.png,"Brain MRI flair, with medium tumor on the top right"
567.png,"Brain MRI flair, with medium tumor on the bottom left"
568.png,"Brain MRI flair, with small tumor on the bottom right"
569.png,"Brain MRI flair, healthy"
570.png,"Brain MRI flair, with medium tumor on the top left"
571.png,"Brain MRI flair, healthy"
572.png,"Brain MRI flair, with large tumor on the center left"
573.png,"Brain MRI flair, with large tumor on the center left"
574.png,"Brain MRI flair, with small tumor on the top left"
575.png,"Brain MRI flair, with small tumor on the top right"
576.png,"Brain MRI flair, healthy"
577.png,"Brain MRI flair, with medium tumor on the top left"
578.png,"Brain MRI flair, healthy"
579.png,"Brain MRI flair, healthy"
580.png,"Brain MRI flair, healthy"
581.png,"Brain MRI flair, healthy"
582.png,"Brain MRI flair, with medium tumor on the top right"
583.png,"Brain MRI flair, healthy"
584.png,"Brain MRI flair, with medium tumor on the top left"
585.png,"Brain MRI flair, healthy"
586.png,"Brain MRI flair, with medium tumor on the center"
587.png,"Brain MRI flair, with medium tumor on the bottom left"
588.png,"Brain MRI flair, healthy"
589.png,"Brain MRI flair, with medium tumor on the top right"
590.png,"Brain MRI flair, with large tumor on the center right"
591.png,"Brain MRI flair, with medium tumor on the top left"
592.png,"Brain MRI flair, with medium tumor on the center"
593.png,"Brain MRI flair, with medium tumor on the top left"
594.png,"Brain MRI flair, healthy"
595.png,"Brain MRI flair, with medium tumor on the top left"
596.png,"Brain MRI flair, with medium tumor on the top right"
597.png,"Brain MRI flair, healthy"
598.png,"Brain MRI flair, healthy"
599.png,"Brain MRI flair, healthy"
600.png,"Brain MRI flair, healthy"
601.png,"Brain MRI flair, with large tumor on the center left"
602.png,"Brain MRI flair, with medium tumor on the top right"
603.png,"Brain MRI flair, healthy"
604.png,"Brain MRI flair, healthy"
605.png,"Brain MRI flair, with medium tumor on the top left"
606.png,"Brain MRI flair, healthy"
607.png,"Brain MRI flair, with medium tumor on the top right"
608.png,"Brain MRI flair, with medium tumor on the top left"
609.png,"Brain MRI flair, healthy"
610.png,"Brain MRI flair, with medium tumor on the center left"
611.png,"Brain MRI flair, with medium tumor on the top right"
612.png,"Brain MRI flair, with medium tumor on the top left"
613.png,"Brain MRI flair, with medium tumor on the top right"
614.png,"Brain MRI flair, healthy"
615.png,"Brain MRI flair, with medium tumor on the center right"
616.png,"Brain MRI flair, with small tumor on the bottom right"
617.png,"Brain MRI flair, healthy"
618.png,"Brain MRI flair, healthy"
619.png,"Brain MRI flair, with medium tumor on the top left"
620.png,"Brain MRI flair, with small tumor on the bottom left"
621.png,"Brain MRI flair, with medium tumor on the top left"
622.png,"Brain MRI flair, with medium tumor on the bottom right"
623.png,"Brain MRI flair, healthy"
624.png,"Brain MRI flair, healthy"
625.png,"Brain MRI flair, healthy"
626.png,"Brain MRI flair, healthy"
627.png,"Brain MRI flair, healthy"
628.png,"Brain MRI flair, healthy"
629.png,"Brain MRI flair, healthy"
630.png,"Brain MRI flair, with medium tumor on the top left"
631.png,"Brain MRI flair, with medium tumor on the top left"
632.png,"Brain MRI flair, with medium tumor on the top left"
633.png,"Brain MRI flair, with medium tumor on the top right"
634.png,"Brain MRI flair, healthy"
635.png,"Brain MRI flair, healthy"
636.png,"Brain MRI flair, healthy"
637.png,"Brain MRI flair, with medium tumor on the top right"
638.png,"Brain MRI flair, healthy"
639.png,"Brain MRI flair, with small tumor on the bottom left"
640.png,"Brain MRI flair, healthy"
641.png,"Brain MRI flair, healthy"
642.png,"Brain MRI flair, with medium tumor on the top right"
643.png,"Brain MRI flair, healthy"
644.png,"Brain MRI flair, with medium tumor on the top left"
645.png,"Brain MRI flair, healthy"
646.png,"Brain MRI flair, with medium tumor on the top right"
647.png,"Brain MRI flair, healthy"
648.png,"Brain MRI flair, healthy"
649.png,"Brain MRI flair, healthy"
650.png,"Brain MRI flair, healthy"
651.png,"Brain MRI flair, healthy"
652.png,"Brain MRI flair, with medium tumor on the bottom right"
653.png,"Brain MRI flair, with medium tumor on the top left"
654.png,"Brain MRI flair, healthy"
655.png,"Brain MRI flair, healthy"
656.png,"Brain MRI flair, with medium tumor on the top right"
657.png,"Brain MRI flair, with small tumor on the top right"
658.png,"Brain MRI flair, with medium tumor on the top right"
659.png,"Brain MRI flair, healthy"
660.png,"Brain MRI flair, healthy"
661.png,"Brain MRI flair, with medium tumor on the top left"
662.png,"Brain MRI flair, with medium tumor on the top left"
663.png,"Brain MRI flair, with medium tumor on the center left"
664.png,"Brain MRI flair, healthy"
665.png,"Brain MRI flair, healthy"
666.png,"Brain MRI flair, with medium tumor on the top right"
667.png,"Brain MRI flair, healthy"
668.png,"Brain MRI flair, healthy"
669.png,"Brain MRI flair, healthy"
670.png,"Brain MRI flair, healthy"
671.png,"Brain MRI flair, with medium tumor on the bottom left"
672.png,"Brain MRI flair, with medium tumor on the bottom left"
673.png,"Brain MRI flair, with small tumor on the top left"
674.png,"Brain MRI flair, healthy"
675.png,"Brain MRI flair, with medium tumor on the bottom left"
676.png,"Brain MRI flair, healthy"
677.png,"Brain MRI flair, healthy"
678.png,"Brain MRI flair, healthy"
679.png,"Brain MRI flair, healthy"
680.png,"Brain MRI flair, healthy"
681.png,"Brain MRI flair, healthy"
682.png,"Brain MRI flair, with medium tumor on the bottom left"
683.png,"Brain MRI flair, with medium tumor on the top left"
684.png,"Brain MRI flair, healthy"
685.png,"Brain MRI flair, with medium tumor on the bottom left"
686.png,"Brain MRI flair, healthy"
687.png,"Brain MRI flair, with medium tumor on the bottom left"
688.png,"Brain MRI flair, healthy"
689.png,"Brain MRI flair, with small tumor on the bottom right"
690.png,"Brain MRI flair, with medium tumor on the top right"
691.png,"Brain MRI flair, with medium tumor on the top left"
692.png,"Brain MRI flair, healthy"
693.png,"Brain MRI flair, with medium tumor on the top right"
694.png,"Brain MRI flair, healthy"
695.png,"Brain MRI flair, with medium tumor on the top right"
696.png,"Brain MRI flair, healthy"
697.png,"Brain MRI flair, healthy"
698.png,"Brain MRI flair, healthy"
699.png,"Brain MRI flair, healthy"
700.png,"Brain MRI flair, healthy"
701.png,"Brain MRI flair, with medium tumor on the top right"
702.png,"Brain MRI flair, with medium tumor on the top left"
703.png,"Brain MRI flair, healthy"
704.png,"Brain MRI flair, with medium tumor on the top left"
705.png,"Brain MRI flair, with medium tumor on the top right"
706.png,"Brain MRI flair, with medium tumor on the top right"
707.png,"Brain MRI flair, healthy"
708.png,"Brain MRI flair, with medium tumor on the top left"
709.png,"Brain MRI flair, with small tumor on the center left"
710.png,"Brain MRI flair, with small tumor on the top right"
711.png,"Brain MRI flair, with medium tumor on the bottom right"
712.png,"Brain MRI flair, healthy"
713.png,"Brain MRI flair, with small tumor on the center left"
714.png,"Brain MRI flair, healthy"
715.png,"Brain MRI flair, healthy"
716.png,"Brain MRI flair, with medium tumor on the top right"
717.png,"Brain MRI flair, with medium tumor on the top right"
718.png,"Brain MRI flair, with medium tumor on the bottom right"
719.png,"Brain MRI flair, with medium tumor on the top left"
720.png,"Brain MRI flair, with small tumor on the bottom left"
721.png,"Brain MRI flair, with medium tumor on the top right"
722.png,"Brain MRI flair, with medium tumor on the top left"
723.png,"Brain MRI flair, with small tumor on the center right"
724.png,"Brain MRI flair, healthy"
725.png,"Brain MRI flair, healthy"
726.png,"Brain MRI flair, healthy"
727.png,"Brain MRI flair, healthy"
728.png,"Brain MRI flair, with medium tumor on the top right"
729.png,"Brain MRI flair, with large tumor on the center left"
730.png,"Brain MRI flair, healthy"
731.png,"Brain MRI flair, healthy"
732.png,"Brain MRI flair, healthy"
733.png,"Brain MRI flair, healthy"
734.png,"Brain MRI flair, with large tumor on the center right"
735.png,"Brain MRI flair, with large tumor on the center right"
736.png,"Brain MRI flair, healthy"
737.png,"Brain MRI flair, with medium tumor on the top left"
738.png,"Brain MRI flair, with medium tumor on the bottom left"
739.png,"Brain MRI flair, with large tumor on the bottom right"
740.png,"Brain MRI flair, healthy"
741.png,"Brain MRI flair, with small tumor on the bottom left"
742.png,"Brain MRI flair, with large tumor on the top right"
743.png,"Brain MRI flair, with large tumor on the top right"
744.png,"Brain MRI flair, healthy"
745.png,"Brain MRI flair, healthy"
746.png,"Brain MRI flair, with large tumor on the bottom left"
747.png,"Brain MRI flair, healthy"
748.png,"Brain MRI flair, healthy"
749.png,"Brain MRI flair, healthy"
750.png,"Brain MRI flair, healthy"
751.png,"Brain MRI flair, with medium tumor on the top right"
752.png,"Brain MRI flair, healthy"
753.png,"Brain MRI flair, healthy"
754.png,"Brain MRI flair, with medium tumor on the top right"
755.png,"Brain MRI flair, with medium tumor on the top right"
756.png,"Brain MRI flair, healthy"
757.png,"Brain MRI flair, healthy"
758.png,"Brain MRI flair, healthy"
759.png,"Brain MRI flair, with small tumor on the top right"
760.png,"Brain MRI flair, healthy"
761.png,"Brain MRI flair, with medium tumor on the bottom right"
762.png,"Brain MRI flair, healthy"
763.png,"Brain MRI flair, with medium tumor on the top right"
764.png,"Brain MRI flair, healthy"
765.png,"Brain MRI flair, healthy"
766.png,"Brain MRI flair, healthy"
767.png,"Brain MRI flair, healthy"
768.png,"Brain MRI flair, healthy"
769.png,"Brain MRI flair, healthy"
770.png,"Brain MRI flair, with medium tumor on the bottom right"
771.png,"Brain MRI flair, with medium tumor on the top right"
772.png,"Brain MRI flair, healthy"
773.png,"Brain MRI flair, with large tumor on the top left"
774.png,"Brain MRI flair, healthy"
775.png,"Brain MRI flair, with medium tumor on the top left"
776.png,"Brain MRI flair, healthy"
777.png,"Brain MRI flair, healthy"
778.png,"Brain MRI flair, with medium tumor on the top right"
779.png,"Brain MRI flair, healthy"
780.png,"Brain MRI flair, with small tumor on the top right"
781.png,"Brain MRI flair, healthy"
782.png,"Brain MRI flair, healthy"
783.png,"Brain MRI flair, with medium tumor on the top right"
784.png,"Brain MRI flair, healthy"
785.png,"Brain MRI flair, healthy"
786.png,"Brain MRI flair, healthy"
787.png,"Brain MRI flair, with medium tumor on the top right"
788.png,"Brain MRI flair, healthy"
789.png,"Brain MRI flair, with medium tumor on the top left"
790.png,"Brain MRI flair, with medium tumor on the bottom right"
791.png,"Brain MRI flair, with large tumor on the bottom left"
792.png,"Brain MRI flair, with medium tumor on the top right"
793.png,"Brain MRI flair, healthy"
794.png,"Brain MRI flair, healthy"
795.png,"Brain MRI flair, healthy"
796.png,"Brain MRI flair, with large tumor on the center left"
797.png,"Brain MRI flair, with small tumor on the top right"
798.png,"Brain MRI flair, with small tumor on the bottom right"
799.png,"Brain MRI flair, healthy"
800.png,"Brain MRI flair, healthy"
801.png,"Brain MRI flair, healthy"
802.png,"Brain MRI flair, healthy"
803.png,"Brain MRI flair, with medium tumor on the bottom right"
804.png,"Brain MRI flair, healthy"
805.png,"Brain MRI flair, healthy"
806.png,"Brain MRI flair, with small tumor on the bottom right"
807.png,"Brain MRI flair, with medium tumor on the bottom left"
808.png,"Brain MRI flair, with medium tumor on the top right"
809.png,"Brain MRI flair, healthy"
810.png,"Brain MRI flair, with medium tumor on the bottom left"
811.png,"Brain MRI flair, with medium tumor on the bottom right"
812.png,"Brain MRI flair, with large tumor on the bottom left"
813.png,"Brain MRI flair, with medium tumor on the top right"
814.png,"Brain MRI flair, with medium tumor on the bottom right"
815.png,"Brain MRI flair, healthy"
816.png,"Brain MRI flair, healthy"
817.png,"Brain MRI flair, with medium tumor on the top left"
818.png,"Brain MRI flair, with medium tumor on the bottom right"
819.png,"Brain MRI flair, with medium tumor on the top left"
820.png,"Brain MRI flair, healthy"
821.png,"Brain MRI flair, healthy"
822.png,"Brain MRI flair, with small tumor on the top right"
823.png,"Brain MRI flair, healthy"
824.png,"Brain MRI flair, with medium tumor on the top right"
825.png,"Brain MRI flair, with large tumor on the bottom left"
826.png,"Brain MRI flair, healthy"
827.png,"Brain MRI flair, with medium tumor on the top left"
828.png,"Brain MRI flair, healthy"
829.png,"Brain MRI flair, healthy"
830.png,"Brain MRI flair, with medium tumor on the bottom left"
831.png,"Brain MRI flair, with medium tumor on the top left"
832.png,"Brain MRI flair, healthy"
833.png,"Brain MRI flair, with small tumor on the center left"
834.png,"Brain MRI flair, healthy"
835.png,"Brain MRI flair, with small tumor on the top right"
836.png,"Brain MRI flair, with medium tumor on the top left"
837.png,"Brain MRI flair, healthy"
838.png,"Brain MRI flair, with medium tumor on the top right"
839.png,"Brain MRI flair, healthy"
840.png,"Brain MRI flair, healthy"
841.png,"Brain MRI flair, healthy"
842.png,"Brain MRI flair, healthy"
843.png,"Brain MRI flair, healthy"
844.png,"Brain MRI flair, healthy"
845.png,"Brain MRI flair, healthy"
846.png,"Brain MRI flair, with medium tumor on the top right"
847.png,"Brain MRI flair, with large tumor on the bottom right"
848.png,"Brain MRI flair, healthy"
849.png,"Brain MRI flair, healthy"
850.png,"Brain MRI flair, with small tumor on the bottom right"
851.png,"Brain MRI flair, with medium tumor on the top right"
852.png,"Brain MRI flair, with medium tumor on the bottom left"
853.png,"Brain MRI flair, healthy"
854.png,"Brain MRI flair, healthy"
855.png,"Brain MRI flair, with medium tumor on the top right"
856.png,"Brain MRI flair, healthy"
857.png,"Brain MRI flair, healthy"
858.png,"Brain MRI flair, healthy"
859.png,"Brain MRI flair, healthy"
860.png,"Brain MRI flair, with medium tumor on the top right"
861.png,"Brain MRI flair, healthy"
862.png,"Brain MRI flair, with medium tumor on the top left"
863.png,"Brain MRI flair, healthy"
864.png,"Brain MRI flair, with medium tumor on the top right"
865.png,"Brain MRI flair, healthy"
866.png,"Brain MRI flair, healthy"
867.png,"Brain MRI flair, healthy"
868.png,"Brain MRI flair, with small tumor on the top right"
869.png,"Brain MRI flair, with medium tumor on the top right"
870.png,"Brain MRI flair, with small tumor on the top right"
871.png,"Brain MRI flair, healthy"
872.png,"Brain MRI flair, healthy"
873.png,"Brain MRI flair, healthy"
874.png,"Brain MRI flair, healthy"
875.png,"Brain MRI flair, with medium tumor on the center right"
876.png,"Brain MRI flair, with medium tumor on the top right"
877.png,"Brain MRI flair, healthy"
878.png,"Brain MRI flair, healthy"
879.png,"Brain MRI flair, with medium tumor on the bottom right"
880.png,"Brain MRI flair, healthy"
881.png,"Brain MRI flair, healthy"
882.png,"Brain MRI flair, healthy"
883.png,"Brain MRI flair, healthy"
884.png,"Brain MRI flair, with large tumor on the top left"
885.png,"Brain MRI flair, with medium tumor on the top right"
886.png,"Brain MRI flair, healthy"
887.png,"Brain MRI flair, with small tumor on the top right"
888.png,"Brain MRI flair, healthy"
889.png,"Brain MRI flair, with medium tumor on the bottom left"
890.png,"Brain MRI flair, healthy"
891.png,"Brain MRI flair, with small tumor on the center"
892.png,"Brain MRI flair, with small tumor on the center"
893.png,"Brain MRI flair, healthy"
894.png,"Brain MRI flair, with large tumor on the bottom left"
895.png,"Brain MRI flair, healthy"
896.png,"Brain MRI flair, with small tumor on the top right"
897.png,"Brain MRI flair, with small tumor on the top right"
898.png,"Brain MRI flair, with medium tumor on the top right"
899.png,"Brain MRI flair, with small tumor on the bottom left"
900.png,"Brain MRI flair, with medium tumor on the center left"
901.png,"Brain MRI flair, healthy"
902.png,"Brain MRI flair, healthy"
903.png,"Brain MRI flair, with medium tumor on the top right"
904.png,"Brain MRI flair, with large tumor on the bottom left"
905.png,"Brain MRI flair, healthy"
906.png,"Brain MRI flair, healthy"
907.png,"Brain MRI flair, with medium tumor on the top left"
908.png,"Brain MRI flair, with medium tumor on the top right"
909.png,"Brain MRI flair, with large tumor on the center left"
910.png,"Brain MRI flair, healthy"
911.png,"Brain MRI flair, healthy"
912.png,"Brain MRI flair, healthy"
913.png,"Brain MRI flair, healthy"
914.png,"Brain MRI flair, healthy"
915.png,"Brain MRI flair, healthy"
916.png,"Brain MRI flair, with medium tumor on the top left"
917.png,"Brain MRI flair, with small tumor on the bottom right"
918.png,"Brain MRI flair, with medium tumor on the top right"
919.png,"Brain MRI flair, with large tumor on the center left"
920.png,"Brain MRI flair, with small tumor on the top right"
921.png,"Brain MRI flair, with small tumor on the top left"
922.png,"Brain MRI flair, healthy"
923.png,"Brain MRI flair, with large tumor on the bottom right"
924.png,"Brain MRI flair, with medium tumor on the top left"
925.png,"Brain MRI flair, with small tumor on the center right"
926.png,"Brain MRI flair, healthy"
927.png,"Brain MRI flair, with medium tumor on the top right"
928.png,"Brain MRI flair, healthy"
929.png,"Brain MRI flair, with medium tumor on the top left"
930.png,"Brain MRI flair, with small tumor on the top right"
931.png,"Brain MRI flair, with small tumor on the top left"
932.png,"Brain MRI flair, with medium tumor on the top right"
933.png,"Brain MRI flair, with small tumor on the bottom right"
934.png,"Brain MRI flair, with medium tumor on the bottom left"
935.png,"Brain MRI flair, healthy"
936.png,"Brain MRI flair, with medium tumor on the center left"
937.png,"Brain MRI flair, healthy"
938.png,"Brain MRI flair, with medium tumor on the top right"
939.png,"Brain MRI flair, with medium tumor on the top right"
940.png,"Brain MRI flair, healthy"
941.png,"Brain MRI flair, with medium tumor on the bottom left"
942.png,"Brain MRI flair, with large tumor on the bottom right"
943.png,"Brain MRI flair, healthy"
944.png,"Brain MRI flair, with medium tumor on the top left"
945.png,"Brain MRI flair, healthy"
946.png,"Brain MRI flair, with small tumor on the top left"
947.png,"Brain MRI flair, healthy"
948.png,"Brain MRI flair, healthy"
949.png,"Brain MRI flair, healthy"
950.png,"Brain MRI flair, with small tumor on the bottom left"
951.png,"Brain MRI flair, healthy"
952.png,"Brain MRI flair, with medium tumor on the bottom left"
953.png,"Brain MRI flair, with large tumor on the center right"
954.png,"Brain MRI flair, healthy"
955.png,"Brain MRI flair, with medium tumor on the top right"
956.png,"Brain MRI flair, healthy"
957.png,"Brain MRI flair, with medium tumor on the top right"
958.png,"Brain MRI flair, healthy"
959.png,"Brain MRI flair, with medium tumor on the top left"
960.png,"Brain MRI flair, healthy"
961.png,"Brain MRI flair, with medium tumor on the top right"
962.png,"Brain MRI flair, with medium tumor on the top right"
963.png,"Brain MRI flair, with medium tumor on the bottom right"
964.png,"Brain MRI flair, healthy"
965.png,"Brain MRI flair, healthy"
966.png,"Brain MRI flair, with medium tumor on the top right"
967.png,"Brain MRI flair, with medium tumor on the top right"
968.png,"Brain MRI flair, with medium tumor on the top right"
969.png,"Brain MRI flair, with small tumor on the top right"
970.png,"Brain MRI flair, healthy"
971.png,"Brain MRI flair, healthy"
972.png,"Brain MRI flair, healthy"
973.png,"Brain MRI flair, healthy"
974.png,"Brain MRI flair, healthy"
975.png,"Brain MRI flair, healthy"
976.png,"Brain MRI flair, with medium tumor on the bottom left"
977.png,"Brain MRI flair, healthy"
978.png,"Brain MRI flair, healthy"
979.png,"Brain MRI flair, healthy"
980.png,"Brain MRI flair, healthy"
981.png,"Brain MRI flair, healthy"
982.png,"Brain MRI flair, with medium tumor on the top right"
983.png,"Brain MRI flair, with small tumor on the bottom left"
984.png,"Brain MRI flair, healthy"
985.png,"Brain MRI flair, healthy"
986.png,"Brain MRI flair, with medium tumor on the bottom left"
987.png,"Brain MRI flair, healthy"
988.png,"Brain MRI flair, with small tumor on the top right"
989.png,"Brain MRI flair, with medium tumor on the bottom right"
990.png,"Brain MRI flair, healthy"
991.png,"Brain MRI flair, with large tumor on the bottom left"
992.png,"Brain MRI flair, with small tumor on the top right"
993.png,"Brain MRI flair, healthy"
994.png,"Brain MRI flair, healthy"
995.png,"Brain MRI flair, healthy"
996.png,"Brain MRI flair, with medium tumor on the top right"
997.png,"Brain MRI flair, healthy"
998.png,"Brain MRI flair, with large tumor on the top right"
999.png,"Brain MRI flair, with medium tumor on the bottom right"
